{
  "hash": "f0d53b9a",
  "configHash": "aee47758",
  "lockfileHash": "e516a20c",
  "browserHash": "7b4001a4",
  "optimized": {
    "@angular/core": {
      "src": "../../../../../../node_modules/@angular/core/fesm2022/core.mjs",
      "file": "@angular_core.js",
      "fileHash": "ade6738b",
      "needsInterop": false
    },
    "@angular/platform-browser": {
      "src": "../../../../../../node_modules/@angular/platform-browser/fesm2022/platform-browser.mjs",
      "file": "@angular_platform-browser.js",
      "fileHash": "d38dfbd4",
      "needsInterop": false
    },
    "@angular/router": {
      "src": "../../../../../../node_modules/@angular/router/fesm2022/router.mjs",
      "file": "@angular_router.js",
      "fileHash": "d6512e04",
      "needsInterop": false
    },
    "zone.js": {
      "src": "../../../../../../node_modules/zone.js/fesm2015/zone.js",
      "file": "zone__js.js",
      "fileHash": "6e804d37",
      "needsInterop": true
    }
  },
  "chunks": {
    "chunk-BJHE6DMB": {
      "file": "chunk-BJHE6DMB.js"
    },
    "chunk-CJWPQAOD": {
      "file": "chunk-CJWPQAOD.js"
    },
    "chunk-WDMUDEB6": {
      "file": "chunk-WDMUDEB6.js"
    }
  }
}